{"cameraMode":{"drawMode":0,"name":"Shaded","section":"Shading Mode"},"sceneLighting":false,"audioPlay":false,"sceneViewState":{"m_AlwaysRefresh":false,"showFog":true,"showSkybox":false,"showFlares":true,"showImageEffects":true,"showParticleSystems":true,"showVisualEffectGraphs":true,"m_FxEnabled":false},"in2DMode":false,"pivot":{"x":0.13950610160827638,"y":1.5717380046844483,"z":0.6351056098937988},"rotation":{"x":-0.029664447531104089,"y":0.03383312001824379,"z":0.0010414073476567865,"w":0.9988956451416016},"size":2.6973018646240236,"orthographic":false}