{"cameraMode":{"drawMode":0,"name":"Shaded","section":"Shading Mode"},"sceneLighting":true,"audioPlay":false,"sceneViewState":{"m_AlwaysRefresh":false,"showFog":true,"showSkybox":true,"showFlares":true,"showImageEffects":true,"showParticleSystems":true,"showVisualEffectGraphs":true,"m_FxEnabled":false},"in2DMode":false,"pivot":{"x":12.794465065002442,"y":2.533999443054199,"z":83.8592758178711},"rotation":{"x":-0.019747883081436158,"y":-0.07066405564546585,"z":0.0015533901751041413,"w":-0.9971216917037964},"size":49.035560607910159,"orthographic":false}