{"cameraMode":{"drawMode":0,"name":"Shaded","section":"Shading Mode"},"sceneLighting":true,"audioPlay":false,"sceneViewState":{"m_AlwaysRefresh":false,"showFog":true,"showSkybox":true,"showFlares":true,"showImageEffects":true,"showParticleSystems":true,"showVisualEffectGraphs":true,"m_FxEnabled":false},"in2DMode":false,"pivot":{"x":43.97597885131836,"y":-11.693866729736329,"z":71.70002746582031},"rotation":{"x":-0.07972442358732224,"y":-0.26571908593177798,"z":0.022003619000315667,"w":-0.9603297114372253},"size":46.923980712890628,"orthographic":false}