{"cameraMode":{"drawMode":0,"name":"Shaded","section":"Shading Mode"},"sceneLighting":false,"audioPlay":false,"sceneViewState":{"m_AlwaysRefresh":false,"showFog":true,"showSkybox":false,"showFlares":true,"showImageEffects":true,"showParticleSystems":true,"showVisualEffectGraphs":true,"m_FxEnabled":false},"in2DMode":false,"pivot":{"x":1.1348199844360352,"y":1.537061333656311,"z":0.3325636684894562},"rotation":{"x":-0.026683306321501733,"y":0.006854403298348188,"z":0.00021887769980821759,"w":0.9995301961898804},"size":2.9025790691375734,"orthographic":false}